{"session_bytes":1440561423.7151837,"day_bytes":1440561423.7151837,"month_bytes":1440561423.7151837}