{"session_bytes":7266035176.334754,"day_bytes":7266035176.334754,"month_bytes":7266035176.334754}